{
  "id": "2973546",
  "name": "星空博客S",
  "font_family": "iconfont",
  "css_prefix_text": "icon-",
  "description": "",
  "glyphs": [
    {
      "icon_id": "2674878",
      "name": "箭头 上",
      "font_class": "jiantoushang",
      "unicode": "e62c",
      "unicode_decimal": 58924
    },
    {
      "icon_id": "15644301",
      "name": "安排时间",
      "font_class": "anpaishijian",
      "unicode": "e6b9",
      "unicode_decimal": 59065
    },
    {
      "icon_id": "24685497",
      "name": "文件夹、文件",
      "font_class": "a-wenjianjiawenjian",
      "unicode": "e727",
      "unicode_decimal": 59175
    },
    {
      "icon_id": "316285",
      "name": "alipay",
      "font_class": "alipay1193369easyiconnet",
      "unicode": "e61f",
      "unicode_decimal": 58911
    },
    {
      "icon_id": "316306",
      "name": "baidu_1193371_easyicon.net",
      "font_class": "baidu1193371easyiconnet",
      "unicode": "e621",
      "unicode_decimal": 58913
    },
    {
      "icon_id": "316339",
      "name": "qq_1193403_easyicon.net",
      "font_class": "qq1193403easyiconnet",
      "unicode": "e641",
      "unicode_decimal": 58945
    },
    {
      "icon_id": "316342",
      "name": "qzone_1193405_easyicon.net",
      "font_class": "qzone1193405easyiconnet",
      "unicode": "e643",
      "unicode_decimal": 58947
    },
    {
      "icon_id": "316363",
      "name": "wangyi_yunyinyue_music_1193417_easyicon.net",
      "font_class": "wangyiyunyinyuemusic1193417easyiconnet",
      "unicode": "e650",
      "unicode_decimal": 58960
    },
    {
      "icon_id": "316364",
      "name": "wechat_1193418_easyicon.net",
      "font_class": "wechat1193418easyiconnet",
      "unicode": "e651",
      "unicode_decimal": 58961
    },
    {
      "icon_id": "316365",
      "name": "weibo_1193419_easyicon.net",
      "font_class": "weibo1193419easyiconnet",
      "unicode": "e652",
      "unicode_decimal": 58962
    },
    {
      "icon_id": "4937000",
      "name": "github-fill",
      "font_class": "github-fill",
      "unicode": "e885",
      "unicode_decimal": 59525
    },
    {
      "icon_id": "5302982",
      "name": "发送",
      "font_class": "zhifeiji",
      "unicode": "e6a0",
      "unicode_decimal": 59040
    },
    {
      "icon_id": "797081",
      "name": "网址",
      "font_class": "wangzhi",
      "unicode": "e658",
      "unicode_decimal": 58968
    },
    {
      "icon_id": "1440921",
      "name": "下载",
      "font_class": "xiazai",
      "unicode": "e640",
      "unicode_decimal": 58944
    },
    {
      "icon_id": "8554249",
      "name": "标签",
      "font_class": "tubiao_biaoqian",
      "unicode": "e62a",
      "unicode_decimal": 58922
    },
    {
      "icon_id": "11372706",
      "name": "搜索",
      "font_class": "sousuo",
      "unicode": "e8b9",
      "unicode_decimal": 59577
    }
  ]
}
